기준일ID,시간대구분,자치구코드,시군구명,총생활인구수
20231231,0,11110,종로구,194294.1824
20231231,0,11140,중구,145579.2716
20231231,0,11170,용산구,245449.3087
20231231,0,11200,성동구,303286.6195
20231231,0,11215,광진구,354462.4349
20231231,0,11230,동대문구,327059.4326
20231231,0,11260,중랑구,369023.964
20231231,0,11290,성북구,420005.9408
20231231,0,11305,강북구,296938.701
20231231,0,11320,도봉구,276419.95
20231231,0,11350,노원구,504646.2782
20231231,0,11380,은평구,456273.1263
20231231,0,11410,서대문구,327992.4424
20231231,0,11440,마포구,405164.9746
20231231,0,11470,양천구,377928.2974
20231231,0,11500,강서구,529553.5293
20231231,0,11530,구로구,381256.0232
20231231,0,11545,금천구,193815.1793
20231231,0,11560,영등포구,399792.6995
20231231,0,11590,동작구,371107.4779
20231231,0,11620,관악구,469267.3548
20231231,0,11650,서초구,440318.2949
20231231,0,11680,강남구,630407.3011
20231231,0,11710,송파구,704820.0696
20231231,0,11740,강동구,521573.5569
20231231,1,11110,종로구,192769.6077
20231231,1,11140,중구,144147.9138
20231231,1,11170,용산구,244370.5318
20231231,1,11200,성동구,304161.2084
20231231,1,11215,광진구,355123.8224
20231231,1,11230,동대문구,329544.098
20231231,1,11260,중랑구,371352.9279
20231231,1,11290,성북구,420972.5664
20231231,1,11305,강북구,297547.339
20231231,1,11320,도봉구,278901.414
20231231,1,11350,노원구,506210.2205
20231231,1,11380,은평구,459823.648
20231231,1,11410,서대문구,327605.2227
20231231,1,11440,마포구,403441.4838
20231231,1,11470,양천구,379343.1793
20231231,1,11500,강서구,532109.6934
20231231,1,11530,구로구,381752.4683
20231231,1,11545,금천구,194901.6786
20231231,1,11560,영등포구,399100.3746
20231231,1,11590,동작구,372503.4961
20231231,1,11620,관악구,471867.7485
20231231,1,11650,서초구,437439.6125
20231231,1,11680,강남구,627427.4787
20231231,1,11710,송파구,706719.2233
20231231,1,11740,강동구,523693.0646
20231231,2,11110,종로구,191645.8973
20231231,2,11140,중구,143266.6194
20231231,2,11170,용산구,243809.781
20231231,2,11200,성동구,305349.6154
20231231,2,11215,광진구,356311.9544
20231231,2,11230,동대문구,331174.8701
20231231,2,11260,중랑구,372679.1879
20231231,2,11290,성북구,422918.0987
20231231,2,11305,강북구,298222.9597
20231231,2,11320,도봉구,280758.3241
20231231,2,11350,노원구,508375.0054
20231231,2,11380,은평구,462342.128
20231231,2,11410,서대문구,328649.1514
20231231,2,11440,마포구,402299.7832
20231231,2,11470,양천구,380859.0194
20231231,2,11500,강서구,533760.5266
20231231,2,11530,구로구,382328.8177
20231231,2,11545,금천구,196119.3132
20231231,2,11560,영등포구,399070.3315
20231231,2,11590,동작구,374014.016
20231231,2,11620,관악구,473992.5041
20231231,2,11650,서초구,435258.4245
20231231,2,11680,강남구,623952.9093
20231231,2,11710,송파구,708790.2875
20231231,2,11740,강동구,526204.9441
20231231,3,11110,종로구,191737.8395
20231231,3,11140,중구,142618.4523
20231231,3,11170,용산구,243089.9019
20231231,3,11200,성동구,306699.1104
20231231,3,11215,광진구,358127.0873
20231231,3,11230,동대문구,332635.0536
20231231,3,11260,중랑구,374835.8515
20231231,3,11290,성북구,423931.3855
20231231,3,11305,강북구,299214.9219
20231231,3,11320,도봉구,282447.3642
20231231,3,11350,노원구,510799.1944
20231231,3,11380,은평구,464827.9167
20231231,3,11410,서대문구,329859.5084
20231231,3,11440,마포구,400091.2822
20231231,3,11470,양천구,382338.4387
20231231,3,11500,강서구,534847.1465
20231231,3,11530,구로구,383098.4073
20231231,3,11545,금천구,196684.183
20231231,3,11560,영등포구,399517.9742
20231231,3,11590,동작구,375109.6306
20231231,3,11620,관악구,475742.9678
20231231,3,11650,서초구,433921.1785
20231231,3,11680,강남구,619715.5253
20231231,3,11710,송파구,711278.1575
20231231,3,11740,강동구,528847.576
20231231,4,11110,종로구,191557.8232
20231231,4,11140,중구,143049.0827
20231231,4,11170,용산구,242799.6934
20231231,4,11200,성동구,307829.9516
20231231,4,11215,광진구,358555.7777
20231231,4,11230,동대문구,335061.8607
20231231,4,11260,중랑구,375892.0171
20231231,4,11290,성북구,425186.7761
20231231,4,11305,강북구,299932.0954
20231231,4,11320,도봉구,283494.8659
20231231,4,11350,노원구,512746.5342
20231231,4,11380,은평구,466138.8363
20231231,4,11410,서대문구,331329.1033
20231231,4,11440,마포구,399135.5205
20231231,4,11470,양천구,382980.3225
20231231,4,11500,강서구,537931.1702
20231231,4,11530,구로구,383297.3834
20231231,4,11545,금천구,197830.3083
20231231,4,11560,영등포구,400472.292
20231231,4,11590,동작구,374504.8413
20231231,4,11620,관악구,477694.2763
20231231,4,11650,서초구,433588.6361
20231231,4,11680,강남구,618908.448
20231231,4,11710,송파구,712781.9703
20231231,4,11740,강동구,529986.2988
20231231,5,11110,종로구,192896.5528
20231231,5,11140,중구,144850.627
20231231,5,11170,용산구,242809.4456
20231231,5,11200,성동구,309397.081
20231231,5,11215,광진구,359319.7057
20231231,5,11230,동대문구,336172.2367
20231231,5,11260,중랑구,375741.1284
20231231,5,11290,성북구,425708.9918
20231231,5,11305,강북구,299800.4615
20231231,5,11320,도봉구,284617.3993
20231231,5,11350,노원구,512806.9928
20231231,5,11380,은평구,466844.2558
20231231,5,11410,서대문구,331491.7394
20231231,5,11440,마포구,396304.0469
20231231,5,11470,양천구,383003.198
20231231,5,11500,강서구,541192.5103
20231231,5,11530,구로구,383963.0561
20231231,5,11545,금천구,198035.5228
20231231,5,11560,영등포구,402696.6965
20231231,5,11590,동작구,376339.7222
20231231,5,11620,관악구,477086.4458
20231231,5,11650,서초구,435429.6191
20231231,5,11680,강남구,617038.307
20231231,5,11710,송파구,715302.8215
20231231,5,11740,강동구,531200.14
20231231,6,11110,종로구,194056.458
20231231,6,11140,중구,149056.9396
20231231,6,11170,용산구,243685.8005
20231231,6,11200,성동구,310125.3715
20231231,6,11215,광진구,359012.3466
20231231,6,11230,동대문구,337246.3873
20231231,6,11260,중랑구,374677.1004
20231231,6,11290,성북구,424912.4444
20231231,6,11305,강북구,298268.5116
20231231,6,11320,도봉구,284188.8097
20231231,6,11350,노원구,510761.4777
20231231,6,11380,은평구,465354.4373
20231231,6,11410,서대문구,331842.7995
20231231,6,11440,마포구,392799.0772
20231231,6,11470,양천구,382323.2955
20231231,6,11500,강서구,542760.6741
20231231,6,11530,구로구,382541.0883
20231231,6,11545,금천구,198420.5204
20231231,6,11560,영등포구,405930.8564
20231231,6,11590,동작구,375323.8399
20231231,6,11620,관악구,475531.2
20231231,6,11650,서초구,439001.7248
20231231,6,11680,강남구,618791.5603
20231231,6,11710,송파구,715842.955
20231231,6,11740,강동구,531021.3377
20231231,7,11110,종로구,196954.4666
20231231,7,11140,중구,152317.3533
20231231,7,11170,용산구,246862.3448
20231231,7,11200,성동구,310169.7243
20231231,7,11215,광진구,356829.6532
20231231,7,11230,동대문구,336600.2455
20231231,7,11260,중랑구,372368.3955
20231231,7,11290,성북구,423853.843
20231231,7,11305,강북구,296291.9621
20231231,7,11320,도봉구,283566.1902
20231231,7,11350,노원구,508240.9575
20231231,7,11380,은평구,460674.1353
20231231,7,11410,서대문구,331155.7435
20231231,7,11440,마포구,391752.4497
20231231,7,11470,양천구,380311.8009
20231231,7,11500,강서구,539577.1022
20231231,7,11530,구로구,381604.5857
20231231,7,11545,금천구,198103.1262
20231231,7,11560,영등포구,411696.1887
20231231,7,11590,동작구,372917.4047
20231231,7,11620,관악구,472280.9624
20231231,7,11650,서초구,443852.673
20231231,7,11680,강남구,621759.2719
20231231,7,11710,송파구,715365.1455
20231231,7,11740,강동구,529111.2682
20231231,8,11110,종로구,203034.0632
20231231,8,11140,중구,161551.429
20231231,8,11170,용산구,252312.1217
20231231,8,11200,성동구,309687.7598
20231231,8,11215,광진구,354284.7019
20231231,8,11230,동대문구,335681.3277
20231231,8,11260,중랑구,368479.4798
20231231,8,11290,성북구,421401.1364
20231231,8,11305,강북구,292460.9459
20231231,8,11320,도봉구,282640.4854
20231231,8,11350,노원구,504010.742
20231231,8,11380,은평구,454293.0334
20231231,8,11410,서대문구,330022.1779
20231231,8,11440,마포구,393799.962
20231231,8,11470,양천구,378110.9087
20231231,8,11500,강서구,536868.037
20231231,8,11530,구로구,381098.9622
20231231,8,11545,금천구,196955.9174
20231231,8,11560,영등포구,419357.7012
20231231,8,11590,동작구,369632.0606
20231231,8,11620,관악구,466353.4577
20231231,8,11650,서초구,454499.5757
20231231,8,11680,강남구,641565.6848
20231231,8,11710,송파구,714663.9978
20231231,8,11740,강동구,524974.3434
20231231,9,11110,종로구,212913.0007
20231231,9,11140,중구,177401.4382
20231231,9,11170,용산구,261080.73
20231231,9,11200,성동구,309072.8744
20231231,9,11215,광진구,349926.0342
20231231,9,11230,동대문구,334127.8678
20231231,9,11260,중랑구,362869.9024
20231231,9,11290,성북구,416932.5099
20231231,9,11305,강북구,287640.51
20231231,9,11320,도봉구,279486.5823
20231231,9,11350,노원구,498504.6329
20231231,9,11380,은평구,445367.356
20231231,9,11410,서대문구,327522.1936
20231231,9,11440,마포구,396901.5104
20231231,9,11470,양천구,376886.173
20231231,9,11500,강서구,532987.3023
20231231,9,11530,구로구,379537.8504
20231231,9,11545,금천구,195260.6294
20231231,9,11560,영등포구,430948.1859
20231231,9,11590,동작구,363942.0458
20231231,9,11620,관악구,457263.7104
20231231,9,11650,서초구,474630.2726
20231231,9,11680,강남구,663823.4426
20231231,9,11710,송파구,717728.6326
20231231,9,11740,강동구,518981.2181
20231231,10,11110,종로구,226341.0739
20231231,10,11140,중구,193947.5018
20231231,10,11170,용산구,267599.4999
20231231,10,11200,성동구,310614.1988
20231231,10,11215,광진구,347703.2141
20231231,10,11230,동대문구,333783.1031
20231231,10,11260,중랑구,356856.5195
20231231,10,11290,성북구,413591.8306
20231231,10,11305,강북구,282342.5351
20231231,10,11320,도봉구,277683.6446
20231231,10,11350,노원구,490671.3513
20231231,10,11380,은평구,435551.841
20231231,10,11410,서대문구,325820.0506
20231231,10,11440,마포구,401970.5755
20231231,10,11470,양천구,371977.402
20231231,10,11500,강서구,527324.2363
20231231,10,11530,구로구,379284.9001
20231231,10,11545,금천구,195538.6416
20231231,10,11560,영등포구,446674.0594
20231231,10,11590,동작구,359163.4555
20231231,10,11620,관악구,449032.5997
20231231,10,11650,서초구,488100.7778
20231231,10,11680,강남구,679870.8585
20231231,10,11710,송파구,723773.7057
20231231,10,11740,강동구,511425.3088
20231231,11,11110,종로구,242796.6635
20231231,11,11140,중구,210024.6153
20231231,11,11170,용산구,275867.4194
20231231,11,11200,성동구,308832.8929
20231231,11,11215,광진구,344583.875
20231231,11,11230,동대문구,332916.9607
20231231,11,11260,중랑구,352231.8965
20231231,11,11290,성북구,406242.8895
20231231,11,11305,강북구,279246.0082
20231231,11,11320,도봉구,275493.0852
20231231,11,11350,노원구,486036.6172
20231231,11,11380,은평구,427148.4072
20231231,11,11410,서대문구,322651.0531
20231231,11,11440,마포구,408941.9649
20231231,11,11470,양천구,365960.6525
20231231,11,11500,강서구,524918.1302
20231231,11,11530,구로구,376278.3281
20231231,11,11545,금천구,192711.6993
20231231,11,11560,영등포구,457727.4394
20231231,11,11590,동작구,351128.8799
20231231,11,11620,관악구,440190.1004
20231231,11,11650,서초구,496182.4122
20231231,11,11680,강남구,690784.027
20231231,11,11710,송파구,726593.708
20231231,11,11740,강동구,502976.089
20231231,12,11110,종로구,260002.6708
20231231,12,11140,중구,226693.4611
20231231,12,11170,용산구,280774.3113
20231231,12,11200,성동구,308634.5084
20231231,12,11215,광진구,345267.8635
20231231,12,11230,동대문구,331159.8686
20231231,12,11260,중랑구,344985.7112
20231231,12,11290,성북구,400019.7648
20231231,12,11305,강북구,278041.2646
20231231,12,11320,도봉구,271505.7006
20231231,12,11350,노원구,480820.2882
20231231,12,11380,은평구,420349.3362
20231231,12,11410,서대문구,321739.6281
20231231,12,11440,마포구,416225.1002
20231231,12,11470,양천구,361881.3053
20231231,12,11500,강서구,519664.3258
20231231,12,11530,구로구,372249.7698
20231231,12,11545,금천구,191796.9757
20231231,12,11560,영등포구,462458.841
20231231,12,11590,동작구,346419.481
20231231,12,11620,관악구,432999.568
20231231,12,11650,서초구,500226.2481
20231231,12,11680,강남구,699390.0721
20231231,12,11710,송파구,731609.6481
20231231,12,11740,강동구,495456.6299
20231231,13,11110,종로구,277217.4144
20231231,13,11140,중구,234588.0033
20231231,13,11170,용산구,282100.2681
20231231,13,11200,성동구,308203.3043
20231231,13,11215,광진구,344700.8688
20231231,13,11230,동대문구,328472.9094
20231231,13,11260,중랑구,341094.6216
20231231,13,11290,성북구,392931.4295
20231231,13,11305,강북구,277004.7444
20231231,13,11320,도봉구,268121.8154
20231231,13,11350,노원구,477794.4907
20231231,13,11380,은평구,413334.7571
20231231,13,11410,서대문구,319305.6367
20231231,13,11440,마포구,422161.372
20231231,13,11470,양천구,357052.5422
20231231,13,11500,강서구,519713.8086
20231231,13,11530,구로구,367805.0302
20231231,13,11545,금천구,191032.3488
20231231,13,11560,영등포구,471406.7783
20231231,13,11590,동작구,339936.9554
20231231,13,11620,관악구,426465.3065
20231231,13,11650,서초구,502637.6889
20231231,13,11680,강남구,702165.0595
20231231,13,11710,송파구,737179.6148
20231231,13,11740,강동구,487467.2869
20231231,14,11110,종로구,287619.9487
20231231,14,11140,중구,242452.2123
20231231,14,11170,용산구,284519.7071
20231231,14,11200,성동구,310374.0276
20231231,14,11215,광진구,344692.0607
20231231,14,11230,동대문구,326768.5483
20231231,14,11260,중랑구,339474.4085
20231231,14,11290,성북구,386678.8113
20231231,14,11305,강북구,276234.9569
20231231,14,11320,도봉구,266124.5636
20231231,14,11350,노원구,477423.3028
20231231,14,11380,은평구,410803.6476
20231231,14,11410,서대문구,317392.8574
20231231,14,11440,마포구,431401.081
20231231,14,11470,양천구,355875.6802
20231231,14,11500,강서구,517273.6579
20231231,14,11530,구로구,369816.975
20231231,14,11545,금천구,189689.5533
20231231,14,11560,영등포구,472441.6707
20231231,14,11590,동작구,335816.8296
20231231,14,11620,관악구,422581.9356
20231231,14,11650,서초구,498347.3558
20231231,14,11680,강남구,701364.4352
20231231,14,11710,송파구,744545.5463
20231231,14,11740,강동구,484229.037
20231231,15,11110,종로구,292377.381
20231231,15,11140,중구,247465.7829
20231231,15,11170,용산구,288711.9455
20231231,15,11200,성동구,310485.5793
20231231,15,11215,광진구,347716.4302
20231231,15,11230,동대문구,324530.9341
20231231,15,11260,중랑구,339873.6587
20231231,15,11290,성북구,382883.6097
20231231,15,11305,강북구,275933.6195
20231231,15,11320,도봉구,264279.4543
20231231,15,11350,노원구,478425.6496
20231231,15,11380,은평구,411737.2782
20231231,15,11410,서대문구,318008.1383
20231231,15,11440,마포구,435834.2949
20231231,15,11470,양천구,354671.4884
20231231,15,11500,강서구,515680.7873
20231231,15,11530,구로구,368103.7242
20231231,15,11545,금천구,190727.9915
20231231,15,11560,영등포구,471864.1772
20231231,15,11590,동작구,334734.6379
20231231,15,11620,관악구,420839.2907
20231231,15,11650,서초구,494757.4979
20231231,15,11680,강남구,698029.6548
20231231,15,11710,송파구,754195.4854
20231231,15,11740,강동구,483144.5781
20231231,16,11110,종로구,290712.4979
20231231,16,11140,중구,250793.5391
20231231,16,11170,용산구,286602.2353
20231231,16,11200,성동구,312924.8031
20231231,16,11215,광진구,349383.2428
20231231,16,11230,동대문구,322390.1521
20231231,16,11260,중랑구,341507.4788
20231231,16,11290,성북구,384562.2838
20231231,16,11305,강북구,276372.7926
20231231,16,11320,도봉구,264279.3825
20231231,16,11350,노원구,480611.6481
20231231,16,11380,은평구,414607.6146
20231231,16,11410,서대문구,316596.7571
20231231,16,11440,마포구,438635.7077
20231231,16,11470,양천구,355767.0609
20231231,16,11500,강서구,514959.8017
20231231,16,11530,구로구,369996.5202
20231231,16,11545,금천구,190676.4675
20231231,16,11560,영등포구,469208.02
20231231,16,11590,동작구,336606.944
20231231,16,11620,관악구,420264.2361
20231231,16,11650,서초구,489165.5789
20231231,16,11680,강남구,694944.1982
20231231,16,11710,송파구,761289.1506
20231231,16,11740,강동구,484002.4522
20231231,17,11110,종로구,287957.6605
20231231,17,11140,중구,250338.5144
20231231,17,11170,용산구,283132.1622
20231231,17,11200,성동구,313063.6077
20231231,17,11215,광진구,349993.1082
20231231,17,11230,동대문구,320177.1198
20231231,17,11260,중랑구,343771.8462
20231231,17,11290,성북구,387667.1376
20231231,17,11305,강북구,277612.4668
20231231,17,11320,도봉구,266711.4056
20231231,17,11350,노원구,482551.8124
20231231,17,11380,은평구,418102.8231
20231231,17,11410,서대문구,316686.0553
20231231,17,11440,마포구,441773.4108
20231231,17,11470,양천구,357076.6736
20231231,17,11500,강서구,516428.6771
20231231,17,11530,구로구,371736.8405
20231231,17,11545,금천구,189487.9977
20231231,17,11560,영등포구,463857.3063
20231231,17,11590,동작구,338868.1419
20231231,17,11620,관악구,422178.0758
20231231,17,11650,서초구,482135.3958
20231231,17,11680,강남구,686021.1306
20231231,17,11710,송파구,768433.8924
20231231,17,11740,강동구,486730.9501
20231231,18,11110,종로구,279983.8662
20231231,18,11140,중구,243560.5711
20231231,18,11170,용산구,278659.7678
20231231,18,11200,성동구,310768.803
20231231,18,11215,광진구,353558.1941
20231231,18,11230,동대문구,318373.9906
20231231,18,11260,중랑구,346627.3191
20231231,18,11290,성북구,392651.4527
20231231,18,11305,강북구,280639.4622
20231231,18,11320,도봉구,268046.2235
20231231,18,11350,노원구,487085.1936
20231231,18,11380,은평구,425689.7091
20231231,18,11410,서대문구,320369.8203
20231231,18,11440,마포구,446824.879
20231231,18,11470,양천구,361275.4241
20231231,18,11500,강서구,520752.1958
20231231,18,11530,구로구,375886.0747
20231231,18,11545,금천구,190242.9236
20231231,18,11560,영등포구,456284.9679
20231231,18,11590,동작구,342732.3195
20231231,18,11620,관악구,427767.9617
20231231,18,11650,서초구,479864.207
20231231,18,11680,강남구,674307.7878
20231231,18,11710,송파구,770264.0955
20231231,18,11740,강동구,492184.6911
20231231,19,11110,종로구,272433.4103
20231231,19,11140,중구,231464.6504
20231231,19,11170,용산구,277113.609
20231231,19,11200,성동구,311066.4188
20231231,19,11215,광진구,356326.5118
20231231,19,11230,동대문구,318648.4092
20231231,19,11260,중랑구,349267.085
20231231,19,11290,성북구,400766.2935
20231231,19,11305,강북구,283130.1376
20231231,19,11320,도봉구,269185.778
20231231,19,11350,노원구,489542.378
20231231,19,11380,은평구,431400.163
20231231,19,11410,서대문구,323763.0803
20231231,19,11440,마포구,445825.1362
20231231,19,11470,양천구,365606.0996
20231231,19,11500,강서구,520530.9436
20231231,19,11530,구로구,377295.9205
20231231,19,11545,금천구,190594.9105
20231231,19,11560,영등포구,446853.0797
20231231,19,11590,동작구,347880.1792
20231231,19,11620,관악구,433297.536
20231231,19,11650,서초구,473095.1503
20231231,19,11680,강남구,665036.2025
20231231,19,11710,송파구,772142.3016
20231231,19,11740,강동구,499483.0067
20231231,20,11110,종로구,261532.7191
20231231,20,11140,중구,218883.2572
20231231,20,11170,용산구,274437.314
20231231,20,11200,성동구,311055.3877
20231231,20,11215,광진구,359468.0824
20231231,20,11230,동대문구,318156.3304
20231231,20,11260,중랑구,351959.2726
20231231,20,11290,성북구,405891.1104
20231231,20,11305,강북구,284430.8329
20231231,20,11320,도봉구,271587.1151
20231231,20,11350,노원구,491329.274
20231231,20,11380,은평구,436570.5283
20231231,20,11410,서대문구,324350.8797
20231231,20,11440,마포구,445152.8432
20231231,20,11470,양천구,371714.4089
20231231,20,11500,강서구,519987.8213
20231231,20,11530,구로구,380273.7733
20231231,20,11545,금천구,191752.2452
20231231,20,11560,영등포구,436796.8266
20231231,20,11590,동작구,353091.4692
20231231,20,11620,관악구,439212.9199
20231231,20,11650,서초구,471318.8512
20231231,20,11680,강남구,658132.9925
20231231,20,11710,송파구,768560.4351
20231231,20,11740,강동구,504338.4288
20231231,21,11110,종로구,256123.8551
20231231,21,11140,중구,209005.9248
20231231,21,11170,용산구,269142.1538
20231231,21,11200,성동구,308739.603
20231231,21,11215,광진구,361287.2793
20231231,21,11230,동대문구,318648.3323
20231231,21,11260,중랑구,357054.9185
20231231,21,11290,성북구,410250.1866
20231231,21,11305,강북구,288326.1006
20231231,21,11320,도봉구,272962.4121
20231231,21,11350,노원구,494061.4034
20231231,21,11380,은평구,443182.8938
20231231,21,11410,서대문구,326010.8562
20231231,21,11440,마포구,440173.8608
20231231,21,11470,양천구,375927.7888
20231231,21,11500,강서구,521432.1266
20231231,21,11530,구로구,381194.3687
20231231,21,11545,금천구,192995.2922
20231231,21,11560,영등포구,429805.6003
20231231,21,11590,동작구,356936.8358
20231231,21,11620,관악구,447012.7005
20231231,21,11650,서초구,468009.1295
20231231,21,11680,강남구,647161.7564
20231231,21,11710,송파구,760630.9162
20231231,21,11740,강동구,511490.6773
20231231,22,11110,종로구,256739.9058
20231231,22,11140,중구,200592.6968
20231231,22,11170,용산구,263721.9329
20231231,22,11200,성동구,307810.6311
20231231,22,11215,광진구,361977.7655
20231231,22,11230,동대문구,318743.7518
20231231,22,11260,중랑구,359366.5514
20231231,22,11290,성북구,413452.7579
20231231,22,11305,강북구,291305.4007
20231231,22,11320,도봉구,275031.2482
20231231,22,11350,노원구,496259.9388
20231231,22,11380,은평구,449841.1966
20231231,22,11410,서대문구,328060.1952
20231231,22,11440,마포구,432976.831
20231231,22,11470,양천구,379048.8386
20231231,22,11500,강서구,523506.3752
20231231,22,11530,구로구,383009.1742
20231231,22,11545,금천구,193212.0206
20231231,22,11560,영등포구,424834.1482
20231231,22,11590,동작구,360606.5874
20231231,22,11620,관악구,453555.7338
20231231,22,11650,서초구,462603.2588
20231231,22,11680,강남구,629700.708
20231231,22,11710,송파구,761769.404
20231231,22,11740,강동구,516365.1128
20231231,23,11110,종로구,263221.8877
20231231,23,11140,중구,188805.4676
20231231,23,11170,용산구,254287.5104
20231231,23,11200,성동구,296581.4734
20231231,23,11215,광진구,355781.0228
20231231,23,11230,동대문구,316706.4351
20231231,23,11260,중랑구,360203.7044
20231231,23,11290,성북구,410327.3386
20231231,23,11305,강북구,292986.2712
20231231,23,11320,도봉구,271282.2431
20231231,23,11350,노원구,495476.7704
20231231,23,11380,은평구,450068.5219
20231231,23,11410,서대문구,324488.5898
20231231,23,11440,마포구,419684.1012
20231231,23,11470,양천구,375598.4994
20231231,23,11500,강서구,521633.0927
20231231,23,11530,구로구,378668.7106
20231231,23,11545,금천구,190117.0387
20231231,23,11560,영등포구,407102.4074
20231231,23,11590,동작구,363853.2023
20231231,23,11620,관악구,457217.6958
20231231,23,11650,서초구,449020.821
20231231,23,11680,강남구,622783.9308
20231231,23,11710,송파구,764912.4354
20231231,23,11740,강동구,512444.1005
